{
  "rust": {
    "matrix_multiply": {
      "times": [
        0.770828,
        0.769224,
        0.770629,
        0.773725,
        0.765307
      ],
      "stats": {
        "mean": 0.7699426,
        "min": 0.765307,
        "max": 0.773725,
        "std": 0.003064588112618083
      }
    },
    "parallel_quicksort": {
      "times": [
        0.073243,
        0.076649,
        0.073949,
        0.073788,
        0.086766
      ],
      "stats": {
        "mean": 0.076879,
        "min": 0.073243,
        "max": 0.086766,
        "std": 0.0056825466562096935
      }
    },
    "thread_pool": {
      "times": [
        0.023443,
        0.022158,
        0.020452,
        0.02053,
        0.021988
      ],
      "stats": {
        "mean": 0.0217142,
        "min": 0.020452,
        "max": 0.023443,
        "std": 0.0012506151286466986
      }
    },
    "ray_tracer": {
      "times": [
        0.04933,
        0.037247,
        0.036647,
        0.038217,
        0.037471
      ],
      "stats": {
        "mean": 0.0397824,
        "min": 0.036647,
        "max": 0.04933,
        "std": 0.005366765767200949
      }
    },
    "mandelbrot": {
      "times": [
        2.041958,
        1.985673,
        1.990683,
        1.987837,
        1.999888
      ],
      "stats": {
        "mean": 2.0012078,
        "min": 1.985673,
        "max": 2.041958,
        "std": 0.023415808713345834
      }
    },
    "metal_compute": {
      "times": [
        1.438885,
        1.388435,
        1.448136,
        1.452764,
        1.43704
      ],
      "stats": {
        "mean": 1.433052,
        "min": 1.388435,
        "max": 1.452764,
        "std": 0.025771567288389707
      }
    },
    "prime_sieve": {
      "times": [
        0.758255,
        0.746576,
        0.751625,
        0.758439,
        0.750786
      ],
      "stats": {
        "mean": 0.7531362,
        "min": 0.746576,
        "max": 0.758439,
        "std": 0.005127504041929169
      }
    },
    "fft": {
      "times": [
        0.242015,
        0.245561,
        0.240163,
        0.243405,
        0.25151
      ],
      "stats": {
        "mean": 0.2445308,
        "min": 0.240163,
        "max": 0.25151,
        "std": 0.004371638617269279
      }
    },
    "sha256": {
      "times": [
        0.361668,
        0.362267,
        0.363822,
        0.361654,
        0.364353
      ],
      "stats": {
        "mean": 0.3627528,
        "min": 0.361654,
        "max": 0.364353,
        "std": 0.0012573765148116902
      }
    },
    "json_parse": {
      "times": [
        0.012295,
        0.008261,
        0.00828,
        0.008301,
        0.008094
      ],
      "stats": {
        "mean": 0.009046199999999999,
        "min": 0.008094,
        "max": 0.012295,
        "std": 0.0018179872661820272
      }
    }
  },
  "cpp": {
    "matrix_multiply": {
      "times": [
        0.630284,
        0.617037,
        0.630482,
        0.621536,
        0.621539
      ],
      "stats": {
        "mean": 0.6241755999999999,
        "min": 0.617037,
        "max": 0.630482,
        "std": 0.005957390141664394
      }
    },
    "parallel_quicksort": {
      "times": [
        0.097434,
        0.099389,
        0.098961,
        0.113404,
        0.116962
      ],
      "stats": {
        "mean": 0.10523,
        "min": 0.097434,
        "max": 0.116962,
        "std": 0.009201214023160204
      }
    },
    "thread_pool": {
      "times": [
        0.185969,
        0.191237,
        0.192698,
        0.189246,
        0.190879
      ],
      "stats": {
        "mean": 0.1900058,
        "min": 0.185969,
        "max": 0.192698,
        "std": 0.00256901356555391
      }
    },
    "ray_tracer": {
      "times": [
        0.022687,
        0.026614,
        0.026476,
        0.022668,
        0.026512
      ],
      "stats": {
        "mean": 0.0249914,
        "min": 0.022668,
        "max": 0.026614,
        "std": 0.002112909084650828
      }
    },
    "mandelbrot": {
      "times": [
        3.707901,
        3.689175,
        3.694782,
        3.691397,
        3.689694
      ],
      "stats": {
        "mean": 3.6945898,
        "min": 3.689175,
        "max": 3.707901,
        "std": 0.0077573815620995
      }
    },
    "metal_compute": {
      "times": [
        1.347388,
        1.401512,
        1.448524,
        1.436042,
        1.411743
      ],
      "stats": {
        "mean": 1.4090418,
        "min": 1.347388,
        "max": 1.448524,
        "std": 0.039220658908284516
      }
    },
    "prime_sieve": {
      "times": [
        0.716735,
        0.717648,
        0.714901,
        0.716718,
        0.716418
      ],
      "stats": {
        "mean": 0.716484,
        "min": 0.714901,
        "max": 0.717648,
        "std": 0.000997859960114626
      }
    },
    "fft": {
      "times": [
        3.325162,
        3.343351,
        3.368789,
        3.336183,
        3.330657
      ],
      "stats": {
        "mean": 3.3408284,
        "min": 3.325162,
        "max": 3.368789,
        "std": 0.017019340991942054
      }
    },
    "sha256": {
      "times": [
        0.643292,
        0.646766,
        0.653302,
        0.646212,
        0.64705
      ],
      "stats": {
        "mean": 0.6473244,
        "min": 0.643292,
        "max": 0.653302,
        "std": 0.003661164131802917
      }
    },
    "json_parse": {
      "times": [
        0.803529,
        0.878433,
        0.803809,
        0.837963,
        1.037279
      ],
      "stats": {
        "mean": 0.8722026,
        "min": 0.803529,
        "max": 1.037279,
        "std": 0.0972819790444253
      }
    }
  }
}